iso_code,continent,location,date,total_vaccinations,people_vaccinated,people_fully_vaccinated,total_boosters,new_vaccinations,new_vaccinations_smoothed,total_vaccinations_per_hundred,people_vaccinated_per_hundred,total_boosters_per_hundred,new_people_vaccinated_smoothed,new_people_vaccinated_smoothed_per_hundred
USA,North America,United States,2020-01-22,,,,,,,,,,,
USA,North America,United States,2020-01-23,,,,,,,,,,,
USA,North America,United States,2020-01-24,,,,,,,,,,,
USA,North America,United States,2020-01-25,,,,,,,,,,,
USA,North America,United States,2020-01-26,,,,,,,,,,,
USA,North America,United States,2020-01-27,,,,,,,,,,,
USA,North America,United States,2020-01-28,,,,,,,,,,,
USA,North America,United States,2020-01-29,,,,,,,,,,,
USA,North America,United States,2020-01-30,,,,,,,,,,,
USA,North America,United States,2020-01-31,,,,,,,,,,,
USA,North America,United States,2020-02-01,,,,,,,,,,,
USA,North America,United States,2020-02-02,,,,,,,,,,,
USA,North America,United States,2020-02-03,,,,,,,,,,,
USA,North America,United States,2020-02-04,,,,,,,,,,,
USA,North America,United States,2020-02-05,,,,,,,,,,,
USA,North America,United States,2020-02-06,,,,,,,,,,,
USA,North America,United States,2020-02-07,,,,,,,,,,,
USA,North America,United States,2020-02-08,,,,,,,,,,,
USA,North America,United States,2020-02-09,,,,,,,,,,,
USA,North America,United States,2020-02-10,,,,,,,,,,,
USA,North America,United States,2020-02-11,,,,,,,,,,,
USA,North America,United States,2020-02-12,,,,,,,,,,,
USA,North America,United States,2020-02-13,,,,,,,,,,,
USA,North America,United States,2020-02-14,,,,,,,,,,,
USA,North America,United States,2020-02-15,,,,,,,,,,,
USA,North America,United States,2020-02-16,,,,,,,,,,,
USA,North America,United States,2020-02-17,,,,,,,,,,,
USA,North America,United States,2020-02-18,,,,,,,,,,,
USA,North America,United States,2020-02-19,,,,,,,,,,,
USA,North America,United States,2020-02-20,,,,,,,,,,,
USA,North America,United States,2020-02-21,,,,,,,,,,,
USA,North America,United States,2020-02-22,,,,,,,,,,,
USA,North America,United States,2020-02-23,,,,,,,,,,,
USA,North America,United States,2020-02-24,,,,,,,,,,,
USA,North America,United States,2020-02-25,,,,,,,,,,,
USA,North America,United States,2020-02-26,,,,,,,,,,,
USA,North America,United States,2020-02-27,,,,,,,,,,,
USA,North America,United States,2020-02-28,,,,,,,,,,,
USA,North America,United States,2020-02-29,,,,,,,,,,,
USA,North America,United States,2020-03-01,,,,,,,,,,,
USA,North America,United States,2020-03-02,,,,,,,,,,,
USA,North America,United States,2020-03-03,,,,,,,,,,,
USA,North America,United States,2020-03-04,,,,,,,,,,,
USA,North America,United States,2020-03-05,,,,,,,,,,,
USA,North America,United States,2020-03-06,,,,,,,,,,,
USA,North America,United States,2020-03-07,,,,,,,,,,,
USA,North America,United States,2020-03-08,,,,,,,,,,,
USA,North America,United States,2020-03-09,,,,,,,,,,,
USA,North America,United States,2020-03-10,,,,,,,,,,,
USA,North America,United States,2020-03-11,,,,,,,,,,,
USA,North America,United States,2020-03-12,,,,,,,,,,,
USA,North America,United States,2020-03-13,,,,,,,,,,,
USA,North America,United States,2020-03-14,,,,,,,,,,,
USA,North America,United States,2020-03-15,,,,,,,,,,,
USA,North America,United States,2020-03-16,,,,,,,,,,,
USA,North America,United States,2020-03-17,,,,,,,,,,,
USA,North America,United States,2020-03-18,,,,,,,,,,,
USA,North America,United States,2020-03-19,,,,,,,,,,,
USA,North America,United States,2020-03-20,,,,,,,,,,,
USA,North America,United States,2020-03-21,,,,,,,,,,,
USA,North America,United States,2020-03-22,,,,,,,,,,,
USA,North America,United States,2020-03-23,,,,,,,,,,,
USA,North America,United States,2020-03-24,,,,,,,,,,,
USA,North America,United States,2020-03-25,,,,,,,,,,,
USA,North America,United States,2020-03-26,,,,,,,,,,,
USA,North America,United States,2020-03-27,,,,,,,,,,,
USA,North America,United States,2020-03-28,,,,,,,,,,,
USA,North America,United States,2020-03-29,,,,,,,,,,,
USA,North America,United States,2020-03-30,,,,,,,,,,,
USA,North America,United States,2020-03-31,,,,,,,,,,,
USA,North America,United States,2020-04-01,,,,,,,,,,,
USA,North America,United States,2020-04-02,,,,,,,,,,,
USA,North America,United States,2020-04-03,,,,,,,,,,,
USA,North America,United States,2020-04-04,,,,,,,,,,,
USA,North America,United States,2020-04-05,,,,,,,,,,,
USA,North America,United States,2020-04-06,,,,,,,,,,,
USA,North America,United States,2020-04-07,,,,,,,,,,,
USA,North America,United States,2020-04-08,,,,,,,,,,,
USA,North America,United States,2020-04-09,,,,,,,,,,,
USA,North America,United States,2020-04-10,,,,,,,,,,,
USA,North America,United States,2020-04-11,,,,,,,,,,,
USA,North America,United States,2020-04-12,,,,,,,,,,,
USA,North America,United States,2020-04-13,,,,,,,,,,,
USA,North America,United States,2020-04-14,,,,,,,,,,,
USA,North America,United States,2020-04-15,,,,,,,,,,,
USA,North America,United States,2020-04-16,,,,,,,,,,,
USA,North America,United States,2020-04-17,,,,,,,,,,,
USA,North America,United States,2020-04-18,,,,,,,,,,,
USA,North America,United States,2020-04-19,,,,,,,,,,,
USA,North America,United States,2020-04-20,,,,,,,,,,,
USA,North America,United States,2020-04-21,,,,,,,,,,,
USA,North America,United States,2020-04-22,,,,,,,,,,,
USA,North America,United States,2020-04-23,,,,,,,,,,,
USA,North America,United States,2020-04-24,,,,,,,,,,,
USA,North America,United States,2020-04-25,,,,,,,,,,,
USA,North America,United States,2020-04-26,,,,,,,,,,,
USA,North America,United States,2020-04-27,,,,,,,,,,,
USA,North America,United States,2020-04-28,,,,,,,,,,,
USA,North America,United States,2020-04-29,,,,,,,,,,,
USA,North America,United States,2020-04-30,,,,,,,,,,,
USA,North America,United States,2020-05-01,,,,,,,,,,,
USA,North America,United States,2020-05-02,,,,,,,,,,,
USA,North America,United States,2020-05-03,,,,,,,,,,,
USA,North America,United States,2020-05-04,,,,,,,,,,,
USA,North America,United States,2020-05-05,,,,,,,,,,,
USA,North America,United States,2020-05-06,,,,,,,,,,,
USA,North America,United States,2020-05-07,,,,,,,,,,,
USA,North America,United States,2020-05-08,,,,,,,,,,,
USA,North America,United States,2020-05-09,,,,,,,,,,,
USA,North America,United States,2020-05-10,,,,,,,,,,,
USA,North America,United States,2020-05-11,,,,,,,,,,,
USA,North America,United States,2020-05-12,,,,,,,,,,,
USA,North America,United States,2020-05-13,,,,,,,,,,,
USA,North America,United States,2020-05-14,,,,,,,,,,,
USA,North America,United States,2020-05-15,,,,,,,,,,,
USA,North America,United States,2020-05-16,,,,,,,,,,,
USA,North America,United States,2020-05-17,,,,,,,,,,,
USA,North America,United States,2020-05-18,,,,,,,,,,,
USA,North America,United States,2020-05-19,,,,,,,,,,,
USA,North America,United States,2020-05-20,,,,,,,,,,,
USA,North America,United States,2020-05-21,,,,,,,,,,,
USA,North America,United States,2020-05-22,,,,,,,,,,,
USA,North America,United States,2020-05-23,,,,,,,,,,,
USA,North America,United States,2020-05-24,,,,,,,,,,,
USA,North America,United States,2020-05-25,,,,,,,,,,,
USA,North America,United States,2020-05-26,,,,,,,,,,,
USA,North America,United States,2020-05-27,,,,,,,,,,,
USA,North America,United States,2020-05-28,,,,,,,,,,,
USA,North America,United States,2020-05-29,,,,,,,,,,,
USA,North America,United States,2020-05-30,,,,,,,,,,,
USA,North America,United States,2020-05-31,,,,,,,,,,,
USA,North America,United States,2020-06-01,,,,,,,,,,,
USA,North America,United States,2020-06-02,,,,,,,,,,,
USA,North America,United States,2020-06-03,,,,,,,,,,,
USA,North America,United States,2020-06-04,,,,,,,,,,,
USA,North America,United States,2020-06-05,,,,,,,,,,,
USA,North America,United States,2020-06-06,,,,,,,,,,,
USA,North America,United States,2020-06-07,,,,,,,,,,,
USA,North America,United States,2020-06-08,,,,,,,,,,,
USA,North America,United States,2020-06-09,,,,,,,,,,,
USA,North America,United States,2020-06-10,,,,,,,,,,,
USA,North America,United States,2020-06-11,,,,,,,,,,,
USA,North America,United States,2020-06-12,,,,,,,,,,,
USA,North America,United States,2020-06-13,,,,,,,,,,,
USA,North America,United States,2020-06-14,,,,,,,,,,,
USA,North America,United States,2020-06-15,,,,,,,,,,,
USA,North America,United States,2020-06-16,,,,,,,,,,,
USA,North America,United States,2020-06-17,,,,,,,,,,,
USA,North America,United States,2020-06-18,,,,,,,,,,,
USA,North America,United States,2020-06-19,,,,,,,,,,,
USA,North America,United States,2020-06-20,,,,,,,,,,,
USA,North America,United States,2020-06-21,,,,,,,,,,,
USA,North America,United States,2020-06-22,,,,,,,,,,,
USA,North America,United States,2020-06-23,,,,,,,,,,,
USA,North America,United States,2020-06-24,,,,,,,,,,,
USA,North America,United States,2020-06-25,,,,,,,,,,,
USA,North America,United States,2020-06-26,,,,,,,,,,,
USA,North America,United States,2020-06-27,,,,,,,,,,,
USA,North America,United States,2020-06-28,,,,,,,,,,,
USA,North America,United States,2020-06-29,,,,,,,,,,,
USA,North America,United States,2020-06-30,,,,,,,,,,,
USA,North America,United States,2020-07-01,,,,,,,,,,,
USA,North America,United States,2020-07-02,,,,,,,,,,,
USA,North America,United States,2020-07-03,,,,,,,,,,,
USA,North America,United States,2020-07-04,,,,,,,,,,,
USA,North America,United States,2020-07-05,,,,,,,,,,,
USA,North America,United States,2020-07-06,,,,,,,,,,,
USA,North America,United States,2020-07-07,,,,,,,,,,,
USA,North America,United States,2020-07-08,,,,,,,,,,,
USA,North America,United States,2020-07-09,,,,,,,,,,,
USA,North America,United States,2020-07-10,,,,,,,,,,,
USA,North America,United States,2020-07-11,,,,,,,,,,,
USA,North America,United States,2020-07-12,,,,,,,,,,,
USA,North America,United States,2020-07-13,,,,,,,,,,,
USA,North America,United States,2020-07-14,,,,,,,,,,,
USA,North America,United States,2020-07-15,,,,,,,,,,,
USA,North America,United States,2020-07-16,,,,,,,,,,,
USA,North America,United States,2020-07-17,,,,,,,,,,,
USA,North America,United States,2020-07-18,,,,,,,,,,,
USA,North America,United States,2020-07-19,,,,,,,,,,,
USA,North America,United States,2020-07-20,,,,,,,,,,,
USA,North America,United States,2020-07-21,,,,,,,,,,,
USA,North America,United States,2020-07-22,,,,,,,,,,,
USA,North America,United States,2020-07-23,,,,,,,,,,,
USA,North America,United States,2020-07-24,,,,,,,,,,,
USA,North America,United States,2020-07-25,,,,,,,,,,,
USA,North America,United States,2020-07-26,,,,,,,,,,,
USA,North America,United States,2020-07-27,,,,,,,,,,,
USA,North America,United States,2020-07-28,,,,,,,,,,,
USA,North America,United States,2020-07-29,,,,,,,,,,,
USA,North America,United States,2020-07-30,,,,,,,,,,,
USA,North America,United States,2020-07-31,,,,,,,,,,,
USA,North America,United States,2020-08-01,,,,,,,,,,,
USA,North America,United States,2020-08-02,,,,,,,,,,,
USA,North America,United States,2020-08-03,,,,,,,,,,,
USA,North America,United States,2020-08-04,,,,,,,,,,,
USA,North America,United States,2020-08-05,,,,,,,,,,,
USA,North America,United States,2020-08-06,,,,,,,,,,,
USA,North America,United States,2020-08-07,,,,,,,,,,,
USA,North America,United States,2020-08-08,,,,,,,,,,,
USA,North America,United States,2020-08-09,,,,,,,,,,,
USA,North America,United States,2020-08-10,,,,,,,,,,,
USA,North America,United States,2020-08-11,,,,,,,,,,,
USA,North America,United States,2020-08-12,,,,,,,,,,,
USA,North America,United States,2020-08-13,,,,,,,,,,,
USA,North America,United States,2020-08-14,,,,,,,,,,,
USA,North America,United States,2020-08-15,,,,,,,,,,,
USA,North America,United States,2020-08-16,,,,,,,,,,,
USA,North America,United States,2020-08-17,,,,,,,,,,,
USA,North America,United States,2020-08-18,,,,,,,,,,,
USA,North America,United States,2020-08-19,,,,,,,,,,,
USA,North America,United States,2020-08-20,,,,,,,,,,,
USA,North America,United States,2020-08-21,,,,,,,,,,,
USA,North America,United States,2020-08-22,,,,,,,,,,,
USA,North America,United States,2020-08-23,,,,,,,,,,,
USA,North America,United States,2020-08-24,,,,,,,,,,,
USA,North America,United States,2020-08-25,,,,,,,,,,,
USA,North America,United States,2020-08-26,,,,,,,,,,,
USA,North America,United States,2020-08-27,,,,,,,,,,,
USA,North America,United States,2020-08-28,,,,,,,,,,,
USA,North America,United States,2020-08-29,,,,,,,,,,,
USA,North America,United States,2020-08-30,,,,,,,,,,,
USA,North America,United States,2020-08-31,,,,,,,,,,,
USA,North America,United States,2020-09-01,,,,,,,,,,,
USA,North America,United States,2020-09-02,,,,,,,,,,,
USA,North America,United States,2020-09-03,,,,,,,,,,,
USA,North America,United States,2020-09-04,,,,,,,,,,,
USA,North America,United States,2020-09-05,,,,,,,,,,,
USA,North America,United States,2020-09-06,,,,,,,,,,,
USA,North America,United States,2020-09-07,,,,,,,,,,,
USA,North America,United States,2020-09-08,,,,,,,,,,,
USA,North America,United States,2020-09-09,,,,,,,,,,,
USA,North America,United States,2020-09-10,,,,,,,,,,,
USA,North America,United States,2020-09-11,,,,,,,,,,,
USA,North America,United States,2020-09-12,,,,,,,,,,,
USA,North America,United States,2020-09-13,,,,,,,,,,,
USA,North America,United States,2020-09-14,,,,,,,,,,,
USA,North America,United States,2020-09-15,,,,,,,,,,,
USA,North America,United States,2020-09-16,,,,,,,,,,,
USA,North America,United States,2020-09-17,,,,,,,,,,,
USA,North America,United States,2020-09-18,,,,,,,,,,,
USA,North America,United States,2020-09-19,,,,,,,,,,,
USA,North America,United States,2020-09-20,,,,,,,,,,,
USA,North America,United States,2020-09-21,,,,,,,,,,,
USA,North America,United States,2020-09-22,,,,,,,,,,,
USA,North America,United States,2020-09-23,,,,,,,,,,,
USA,North America,United States,2020-09-24,,,,,,,,,,,
USA,North America,United States,2020-09-25,,,,,,,,,,,
USA,North America,United States,2020-09-26,,,,,,,,,,,
USA,North America,United States,2020-09-27,,,,,,,,,,,
USA,North America,United States,2020-09-28,,,,,,,,,,,
USA,North America,United States,2020-09-29,,,,,,,,,,,
USA,North America,United States,2020-09-30,,,,,,,,,,,
USA,North America,United States,2020-10-01,,,,,,,,,,,
USA,North America,United States,2020-10-02,,,,,,,,,,,
USA,North America,United States,2020-10-03,,,,,,,,,,,
USA,North America,United States,2020-10-04,,,,,,,,,,,
USA,North America,United States,2020-10-05,,,,,,,,,,,
USA,North America,United States,2020-10-06,,,,,,,,,,,
USA,North America,United States,2020-10-07,,,,,,,,,,,
USA,North America,United States,2020-10-08,,,,,,,,,,,
USA,North America,United States,2020-10-09,,,,,,,,,,,
USA,North America,United States,2020-10-10,,,,,,,,,,,
USA,North America,United States,2020-10-11,,,,,,,,,,,
USA,North America,United States,2020-10-12,,,,,,,,,,,
USA,North America,United States,2020-10-13,,,,,,,,,,,
USA,North America,United States,2020-10-14,,,,,,,,,,,
USA,North America,United States,2020-10-15,,,,,,,,,,,
USA,North America,United States,2020-10-16,,,,,,,,,,,
USA,North America,United States,2020-10-17,,,,,,,,,,,
USA,North America,United States,2020-10-18,,,,,,,,,,,
USA,North America,United States,2020-10-19,,,,,,,,,,,
USA,North America,United States,2020-10-20,,,,,,,,,,,
USA,North America,United States,2020-10-21,,,,,,,,,,,
USA,North America,United States,2020-10-22,,,,,,,,,,,
USA,North America,United States,2020-10-23,,,,,,,,,,,
USA,North America,United States,2020-10-24,,,,,,,,,,,
USA,North America,United States,2020-10-25,,,,,,,,,,,
USA,North America,United States,2020-10-26,,,,,,,,,,,
USA,North America,United States,2020-10-27,,,,,,,,,,,
USA,North America,United States,2020-10-28,,,,,,,,,,,
USA,North America,United States,2020-10-29,,,,,,,,,,,
USA,North America,United States,2020-10-30,,,,,,,,,,,
USA,North America,United States,2020-10-31,,,,,,,,,,,
USA,North America,United States,2020-11-01,,,,,,,,,,,
USA,North America,United States,2020-11-02,,,,,,,,,,,
USA,North America,United States,2020-11-03,,,,,,,,,,,
USA,North America,United States,2020-11-04,,,,,,,,,,,
USA,North America,United States,2020-11-05,,,,,,,,,,,
USA,North America,United States,2020-11-06,,,,,,,,,,,
USA,North America,United States,2020-11-07,,,,,,,,,,,
USA,North America,United States,2020-11-08,,,,,,,,,,,
USA,North America,United States,2020-11-09,,,,,,,,,,,
USA,North America,United States,2020-11-10,,,,,,,,,,,
USA,North America,United States,2020-11-11,,,,,,,,,,,
USA,North America,United States,2020-11-12,,,,,,,,,,,
USA,North America,United States,2020-11-13,,,,,,,,,,,
USA,North America,United States,2020-11-14,,,,,,,,,,,
USA,North America,United States,2020-11-15,,,,,,,,,,,
USA,North America,United States,2020-11-16,,,,,,,,,,,
USA,North America,United States,2020-11-17,,,,,,,,,,,
USA,North America,United States,2020-11-18,,,,,,,,,,,
USA,North America,United States,2020-11-19,,,,,,,,,,,
USA,North America,United States,2020-11-20,,,,,,,,,,,
USA,North America,United States,2020-11-21,,,,,,,,,,,
USA,North America,United States,2020-11-22,,,,,,,,,,,
USA,North America,United States,2020-11-23,,,,,,,,,,,
USA,North America,United States,2020-11-24,,,,,,,,,,,
USA,North America,United States,2020-11-25,,,,,,,,,,,
USA,North America,United States,2020-11-26,,,,,,,,,,,
USA,North America,United States,2020-11-27,,,,,,,,,,,
USA,North America,United States,2020-11-28,,,,,,,,,,,
USA,North America,United States,2020-11-29,,,,,,,,,,,
USA,North America,United States,2020-11-30,,,,,,,,,,,
USA,North America,United States,2020-12-01,,,,,,,,,,,
USA,North America,United States,2020-12-02,,,,,,,,,,,
USA,North America,United States,2020-12-03,,,,,,,,,,,
USA,North America,United States,2020-12-04,,,,,,,,,,,
USA,North America,United States,2020-12-05,,,,,,,,,,,
USA,North America,United States,2020-12-06,,,,,,,,,,,
USA,North America,United States,2020-12-07,,,,,,,,,,,
USA,North America,United States,2020-12-08,,,,,,,,,,,
USA,North America,United States,2020-12-09,,,,,,,,,,,
USA,North America,United States,2020-12-10,,,,,,,,,,,
USA,North America,United States,2020-12-11,,,,,,,,,,,
USA,North America,United States,2020-12-12,,,,,,,,,,,
USA,North America,United States,2020-12-13,30242.0,25090.0,5884.0,,,,0.01,0.01,,,
USA,North America,United States,2020-12-14,34821.0,29508.0,6004.0,,4579.0,4579.0,0.01,0.01,,4418.0,0.001
USA,North America,United States,2020-12-15,84588.0,76945.0,6268.0,,49767.0,27173.0,0.03,0.02,,25928.0,0.008
USA,North America,United States,2020-12-16,244491.0,231449.0,6744.0,,159903.0,71416.0,0.07,0.07,,68786.0,0.021
USA,North America,United States,2020-12-17,517096.0,496927.0,7493.0,,272605.0,121714.0,0.16,0.15,,117959.0,0.036
USA,North America,United States,2020-12-18,933479.0,904596.0,8704.0,,416383.0,180647.0,0.28,0.27,,175901.0,0.053
USA,North America,United States,2020-12-19,1115363.0,1082546.0,9764.0,,181884.0,180854.0,0.34,0.33,,176243.0,0.053
USA,North America,United States,2020-12-20,1220688.0,1185928.0,10474.0,,105325.0,170064.0,0.37,0.36,,165834.0,0.05
USA,North America,United States,2020-12-21,1602655.0,1561150.0,11972.0,,381967.0,223976.0,0.48,0.47,,218806.0,0.066
USA,North America,United States,2020-12-22,2050327.0,2000235.0,14854.0,,447672.0,280820.0,0.62,0.6,,274756.0,0.083
USA,North America,United States,2020-12-23,2625399.0,2562822.0,17798.0,,575072.0,340130.0,0.79,0.77,,333053.0,0.1
USA,North America,United States,2020-12-24,2821388.0,2753774.0,18901.0,,195989.0,329185.0,0.85,0.83,,322407.0,0.097
USA,North America,United States,2020-12-25,2834050.0,2766278.0,19006.0,,12662.0,271510.0,0.85,0.83,,265955.0,0.08
USA,North America,United States,2020-12-26,2975993.0,2904276.0,19975.0,,141943.0,265804.0,0.9,0.87,,260247.0,0.078
USA,North America,United States,2020-12-27,3072726.0,2997725.0,20698.0,,96733.0,264577.0,0.93,0.9,,258828.0,0.078
USA,North America,United States,2020-12-28,3663862.0,3574417.0,24887.0,,591136.0,294458.0,1.1,1.08,,287610.0,0.087
USA,North America,United States,2020-12-29,4385912.0,4277361.0,30136.0,,722050.0,333655.0,1.32,1.29,,325304.0,0.098
USA,North America,United States,2020-12-30,5229335.0,5100879.0,37912.0,,843423.0,371991.0,1.58,1.54,,362580.0,0.109
USA,North America,United States,2020-12-31,5649977.0,5511503.0,41075.0,,420642.0,404084.0,1.7,1.66,,393961.0,0.119
USA,North America,United States,2021-01-01,5753465.0,5605276.0,47941.0,,103488.0,417059.0,1.73,1.69,,405571.0,0.122
USA,North America,United States,2021-01-02,6018013.0,5860925.0,50805.0,,264548.0,434574.0,1.81,1.77,,422378.0,0.127
USA,North America,United States,2021-01-03,6157004.0,5992905.0,53258.0,,138991.0,440611.0,1.85,1.81,,427883.0,0.129
USA,North America,United States,2021-01-04,6814498.0,6591096.0,99058.0,,657494.0,450091.0,2.05,1.99,,430954.0,0.13
USA,North America,United States,2021-01-05,7646229.0,7320844.0,187554.0,,831731.0,465760.0,2.3,2.21,,434783.0,0.131
USA,North America,United States,2021-01-06,8667822.0,8151889.0,359945.0,,1021593.0,491212.0,2.61,2.46,,435859.0,0.131
USA,North America,United States,2021-01-07,9838096.0,9018446.0,640798.0,,1170274.0,598303.0,2.96,2.72,,500992.0,0.151
USA,North America,United States,2021-01-08,11074784.0,9866067.0,1004075.0,,1236688.0,760188.0,3.34,2.97,,608684.0,0.183
USA,North America,United States,2021-01-09,11583878.0,10236599.0,1132732.0,,509094.0,795124.0,3.49,3.08,,625096.0,0.188
USA,North America,United States,2021-01-10,11835122.0,10413050.0,1202328.0,,251244.0,811160.0,3.56,3.14,,631449.0,0.19
USA,North America,United States,2021-01-11,12906107.0,11136965.0,1524850.0,,1070985.0,870230.0,3.89,3.35,,649410.0,0.196
USA,North America,United States,2021-01-12,14164859.0,12054022.0,1839255.0,,1258752.0,931233.0,4.27,3.63,,676168.0,0.204
USA,North America,United States,2021-01-13,15488915.0,13083846.0,2109746.0,,1324056.0,974442.0,4.67,3.94,,704565.0,0.212
USA,North America,United States,2021-01-14,16805611.0,14240853.0,2245519.0,,1316696.0,995359.0,5.06,4.29,,746058.0,0.225
USA,North America,United States,2021-01-15,18062641.0,15357504.0,2366223.0,,1257030.0,998265.0,5.44,4.63,,784491.0,0.236
USA,North America,United States,2021-01-16,18712085.0,15923733.0,2438212.0,,649444.0,1018315.0,5.64,4.8,,812448.0,0.245
USA,North America,United States,2021-01-17,19017263.0,16179500.0,2480294.0,,305178.0,1026020.0,5.73,4.87,,823779.0,0.248
USA,North America,United States,2021-01-18,19902204.0,16818008.0,2708246.0,,884941.0,999442.0,5.99,5.07,,811578.0,0.244
USA,North America,United States,2021-01-19,21248827.0,17783477.0,3064752.0,,1346623.0,1011995.0,6.4,5.36,,818494.0,0.247
USA,North America,United States,2021-01-20,22851633.0,18937442.0,3485801.0,,1602806.0,1051817.0,6.88,5.7,,836228.0,0.252
USA,North America,United States,2021-01-21,24482774.0,20267428.0,3760669.0,,1631141.0,1096738.0,7.37,6.1,,860939.0,0.259
USA,North America,United States,2021-01-22,26110270.0,21659825.0,3970283.0,,1627496.0,1149661.0,7.86,6.52,,900332.0,0.271
USA,North America,United States,2021-01-23,27017293.0,22402476.0,4121103.0,,907023.0,1186458.0,8.14,6.75,,925535.0,0.279
USA,North America,United States,2021-01-24,27412491.0,22702246.0,4209503.0,,395198.0,1199318.0,8.26,6.84,,931821.0,0.281
USA,North America,United States,2021-01-25,28785625.0,23562103.0,4699103.0,,1373134.0,1269060.0,8.67,7.1,,963442.0,0.29
USA,North America,United States,2021-01-26,30447483.0,24614595.0,5281452.0,,1661858.0,1314094.0,9.17,7.41,,975874.0,0.294
USA,North America,United States,2021-01-27,32379761.0,25865058.0,5930019.0,,1932278.0,1361161.0,9.75,7.79,,989659.0,0.298
USA,North America,United States,2021-01-28,34341509.0,27234636.0,6488369.0,,1961748.0,1408391.0,10.34,8.2,,995315.0,0.3
USA,North America,United States,2021-01-29,36255727.0,28606766.0,6984716.0,,1914218.0,1449351.0,10.92,8.62,,992420.0,0.299
USA,North America,United States,2021-01-30,37274192.0,29365125.0,7227429.0,,1018465.0,1465271.0,11.23,8.84,,994664.0,0.3
USA,North America,United States,2021-01-31,37733607.0,29686995.0,7354780.0,,459415.0,1474445.0,11.37,8.94,,997821.0,0.301
USA,North America,United States,2021-02-01,39118128.0,30456541.0,7928106.0,,1384521.0,1476072.0,11.78,9.17,,984920.0,0.297
USA,North America,United States,2021-02-02,40814194.0,31418796.0,8627956.0,,1696066.0,1480959.0,12.29,9.46,,972029.0,0.293
USA,North America,United States,2021-02-03,42952391.0,32678016.0,9462924.0,,2138197.0,1510376.0,12.94,9.84,,973280.0,0.293
USA,North America,United States,2021-02-04,45298023.0,34065817.0,10376194.0,,2345632.0,1565216.0,13.64,10.26,,975883.0,0.294
USA,North America,United States,2021-02-05,47653492.0,35420490.0,11337395.0,,2355469.0,1628252.0,14.35,10.67,,973389.0,0.293
USA,North America,United States,2021-02-06,48954119.0,36272184.0,11759551.0,,1300627.0,1668561.0,14.74,10.93,,986723.0,0.297
USA,North America,United States,2021-02-07,49398185.0,36548886.0,11916378.0,,444066.0,1666368.0,14.88,11.01,,980270.0,0.295
USA,North America,United States,2021-02-08,50977446.0,37385880.0,12621496.0,,1579261.0,1694188.0,15.35,11.26,,989906.0,0.298
USA,North America,United States,2021-02-09,52951277.0,38422559.0,13517174.0,,1973831.0,1733869.0,15.95,11.57,,1000538.0,0.301
USA,North America,United States,2021-02-10,55255592.0,39650738.0,14553052.0,,2304315.0,1757600.0,16.64,11.94,,996103.0,0.3
USA,North America,United States,2021-02-11,57661586.0,40926587.0,15642442.0,,2405994.0,1766223.0,17.37,12.33,,980110.0,0.295
USA,North America,United States,2021-02-12,60246082.0,42304589.0,16799618.0,,2584496.0,1798941.0,18.15,12.74,,983443.0,0.296
USA,North America,United States,2021-02-13,61720437.0,43174019.0,17370842.0,,1474355.0,1823760.0,18.59,13.0,,985976.0,0.297
USA,North America,United States,2021-02-14,62312578.0,43520233.0,17599911.0,,592141.0,1844913.0,18.77,13.11,,995907.0,0.3
USA,North America,United States,2021-02-15,63490269.0,44129872.0,18134504.0,,1177691.0,1787546.0,19.12,13.29,,963427.0,0.29
USA,North America,United States,2021-02-16,65111521.0,44926382.0,18921878.0,,1621252.0,1737178.0,19.61,13.53,,929118.0,0.28
USA,North America,United States,2021-02-17,67076656.0,45859285.0,19911659.0,,1965135.0,1688723.0,20.2,13.81,,886935.0,0.267
USA,North America,United States,2021-02-18,68933680.0,46692722.0,20885988.0,,1857024.0,1610299.0,20.76,14.06,,823734.0,0.248
USA,North America,United States,2021-02-19,70900807.0,47516312.0,21981439.0,,1967127.0,1522104.0,21.36,14.31,,744532.0,0.224
USA,North America,United States,2021-02-20,72206597.0,48112792.0,22661565.0,,1305790.0,1498023.0,21.75,14.49,,705539.0,0.213
USA,North America,United States,2021-02-21,72801906.0,48366886.0,22984848.0,,595309.0,1498475.0,21.93,14.57,,692379.0,0.209
USA,North America,United States,2021-02-22,74263478.0,48983795.0,23786706.0,,1461572.0,1539030.0,22.37,14.75,,693418.0,0.209
USA,North America,United States,2021-02-23,76200654.0,49849842.0,24811821.0,,1937176.0,1584162.0,22.95,15.01,,703351.0,0.212
USA,North America,United States,2021-02-24,78727622.0,51094689.0,26044653.0,,2526968.0,1664424.0,23.71,15.39,,747915.0,0.225
USA,North America,United States,2021-02-25,81665136.0,52631359.0,27384715.0,,2937514.0,1818779.0,24.6,15.85,,848377.0,0.256
USA,North America,United States,2021-02-26,84778942.0,54304144.0,28766280.0,,3113806.0,1982591.0,25.54,16.36,,969690.0,0.292
USA,North America,United States,2021-02-27,86774007.0,55444635.0,29582901.0,,1995065.0,2081059.0,26.14,16.7,,1047406.0,0.315
USA,North America,United States,2021-02-28,87629102.0,55979176.0,29877636.0,,855095.0,2118171.0,26.39,16.86,,1087470.0,0.328
USA,North America,United States,2021-03-01,89679931.0,57177715.0,30671581.0,,2050829.0,2202350.0,27.01,17.22,,1170560.0,0.353
USA,North America,United States,2021-03-02,92143179.0,58640863.0,31631394.0,,2463248.0,2277504.0,27.75,17.66,,1255860.0,0.378
USA,North America,United States,2021-03-03,95045899.0,60382713.0,32753202.0,,2902720.0,2331182.0,28.63,18.19,,1326861.0,0.4
USA,North America,United States,2021-03-04,98248930.0,62338869.0,33996130.0,,3203031.0,2369113.0,29.59,18.78,,1386787.0,0.418
USA,North America,United States,2021-03-05,101477626.0,64342345.0,35301943.0,,3228696.0,2385526.0,30.56,19.38,,1434029.0,0.432
USA,North America,United States,2021-03-06,103535995.0,65692705.0,36163948.0,,2058369.0,2394570.0,31.18,19.79,,1464010.0,0.441
USA,North America,United States,2021-03-07,104460416.0,66370024.0,36506751.0,,924421.0,2404473.0,31.46,19.99,,1484407.0,0.447
USA,North America,United States,2021-03-08,106624554.0,67852090.0,37357444.0,,2164138.0,2420660.0,32.11,20.44,,1524911.0,0.459
USA,North America,United States,2021-03-09,109331344.0,69660886.0,38437426.0,,2706790.0,2455452.0,32.93,20.98,,1574289.0,0.474
USA,North America,United States,2021-03-10,112455805.0,71723663.0,39705259.0,,3124461.0,2487129.0,33.87,21.6,,1620136.0,0.488
USA,North America,United States,2021-03-11,115895329.0,74000778.0,41103701.0,,3439524.0,2520914.0,34.91,22.29,,1665987.0,0.502
USA,North America,United States,2021-03-12,119322560.0,76118239.0,42631244.0,,3427231.0,2549276.0,35.94,22.93,,1682271.0,0.507
USA,North America,United States,2021-03-13,121513428.0,77502993.0,43649074.0,,2190868.0,2568205.0,36.6,23.34,,1687184.0,0.508
USA,North America,United States,2021-03-14,122497057.0,78151064.0,44075311.0,,983629.0,2576663.0,36.9,23.54,,1683006.0,0.507
USA,North America,United States,2021-03-15,124778794.0,79648857.0,44943850.0,,2281737.0,2593463.0,37.58,23.99,,1685252.0,0.508
USA,North America,United States,2021-03-16,127666379.0,81579069.0,45991809.0,,2887585.0,2619291.0,38.45,24.57,,1702598.0,0.513
USA,North America,United States,2021-03-17,130834830.0,83706699.0,47121580.0,,3168451.0,2625575.0,39.41,25.21,,1711862.0,0.516
USA,North America,United States,2021-03-18,134237338.0,86002292.0,48325645.0,,3402508.0,2620287.0,40.43,25.9,,1714502.0,0.516
USA,North America,United States,2021-03-19,137575498.0,88216256.0,49548203.0,,3338160.0,2607563.0,41.44,26.57,,1728288.0,0.521
USA,North America,United States,2021-03-20,139731354.0,89627409.0,50407913.0,,2155856.0,2602561.0,42.09,27.0,,1732059.0,0.522
USA,North America,United States,2021-03-21,140750888.0,90310622.0,50779101.0,,1019534.0,2607690.0,42.39,27.2,,1737080.0,0.523
USA,North America,United States,2021-03-22,143115391.0,91914762.0,51585738.0,,2364503.0,2619514.0,43.11,27.68,,1752272.0,0.528
USA,North America,United States,2021-03-23,146181060.0,93897867.0,52737237.0,,3065669.0,2644954.0,44.03,28.28,,1759828.0,0.53
USA,North America,United States,2021-03-24,149738896.0,96106866.0,54159309.0,,3557836.0,2700581.0,45.1,28.95,,1771452.0,0.534
USA,North America,United States,2021-03-25,153575753.0,98374290.0,55806582.0,,3836857.0,2762631.0,46.26,29.63,,1767428.0,0.532
USA,North America,United States,2021-03-26,157407306.0,100479597.0,57606833.0,,3831553.0,2833115.0,47.41,30.26,,1751906.0,0.528
USA,North America,United States,2021-03-27,159881184.0,101851319.0,58770563.0,,2473878.0,2878547.0,48.16,30.68,,1746273.0,0.526
USA,North America,United States,2021-03-28,161091420.0,102523035.0,59321403.0,,1210236.0,2905790.0,48.52,30.88,,1744630.0,0.525
USA,North America,United States,2021-03-29,163930619.0,104131725.0,60595609.0,,2839199.0,2973604.0,49.38,31.36,,1745280.0,0.526
USA,North America,United States,2021-03-30,167524638.0,106145880.0,62256577.0,,3594019.0,3049083.0,50.46,31.97,,1749716.0,0.527
USA,North America,United States,2021-03-31,171697111.0,108558670.0,64195809.0,,4172473.0,3136888.0,51.71,32.7,,1778829.0,0.536
USA,North America,United States,2021-04-01,176252350.0,111088569.0,66436355.0,,4555239.0,3239514.0,53.09,33.46,,1816326.0,0.547
USA,North America,United States,2021-04-02,179908698.0,113147224.0,68252000.0,,3656348.0,3214485.0,54.19,34.08,,1809661.0,0.545
USA,North America,United States,2021-04-03,182209679.0,114471747.0,69410185.0,,2300981.0,3189785.0,54.88,34.48,,1802918.0,0.543
USA,North America,United States,2021-04-04,182972967.0,114909490.0,69781451.0,,763288.0,3125935.0,55.11,34.61,,1769494.0,0.533
USA,North America,United States,2021-04-05,186078299.0,116644513.0,71382502.0,,3105332.0,3163954.0,56.05,35.13,,1787541.0,0.538
USA,North America,United States,2021-04-06,190056989.0,118933996.0,73461569.0,,3978690.0,3218907.0,57.24,35.82,,1826874.0,0.55
USA,North America,United States,2021-04-07,194413469.0,121495443.0,75764893.0,,4356480.0,3245194.0,58.56,36.59,,1848110.0,0.557
USA,North America,United States,2021-04-08,198914269.0,124063010.0,78279998.0,,4500800.0,3237417.0,59.91,37.37,,1853492.0,0.558
USA,North America,United States,2021-04-09,203233342.0,126503596.0,80717250.0,,4319073.0,3332092.0,61.21,38.1,,1908053.0,0.575
USA,North America,United States,2021-04-10,206121083.0,128228425.0,82373598.0,,2887741.0,3415915.0,62.08,38.62,,1965240.0,0.592
USA,North America,United States,2021-04-11,207520788.0,129061526.0,83174085.0,,1399705.0,3506832.0,62.5,38.87,,2021719.0,0.609
USA,North America,United States,2021-04-12,210536648.0,130693299.0,84897910.0,,3015860.0,3494050.0,63.41,39.36,,2006969.0,0.604
USA,North America,United States,2021-04-13,214011120.0,132432980.0,86615897.0,,3474472.0,3422019.0,64.46,39.89,,1928426.0,0.581
USA,North America,United States,2021-04-14,217699281.0,134160453.0,88541145.0,,3688161.0,3326545.0,65.57,40.41,,1809287.0,0.545
USA,North America,United States,2021-04-15,221438124.0,135910739.0,90490670.0,,3738843.0,3217694.0,66.7,40.94,,1692533.0,0.51
USA,North America,United States,2021-04-16,225033131.0,137541938.0,92418990.0,,3595007.0,3114256.0,67.78,41.43,,1576906.0,0.475
USA,North America,United States,2021-04-17,227390404.0,138703269.0,93595339.0,,2357273.0,3038474.0,68.49,41.78,,1496406.0,0.451
USA,North America,United States,2021-04-18,228520905.0,139240728.0,94177510.0,,1130501.0,3000017.0,68.83,41.94,,1454172.0,0.438
USA,North America,United States,2021-04-19,231095742.0,140322394.0,95641684.0,,2574837.0,2937013.0,69.61,42.26,,1375585.0,0.414
USA,North America,United States,2021-04-20,234316789.0,141678306.0,97475913.0,,3221047.0,2900810.0,70.58,42.67,,1320761.0,0.398
USA,North America,United States,2021-04-21,237779881.0,143056240.0,99525293.0,,3463092.0,2868657.0,71.62,43.09,,1270827.0,0.383
USA,North America,United States,2021-04-22,241264913.0,144452077.0,101580901.0,,3485032.0,2832398.0,72.67,43.51,,1220191.0,0.368
USA,North America,United States,2021-04-23,244549533.0,145801418.0,103485194.0,,3284620.0,2788057.0,73.66,43.91,,1179926.0,0.355
USA,North America,United States,2021-04-24,246752151.0,146803611.0,104670728.0,,2202618.0,2765964.0,74.32,44.22,,1157192.0,0.349
USA,North America,United States,2021-04-25,247743142.0,147293211.0,105166094.0,,990991.0,2746034.0,74.62,44.36,,1150355.0,0.346
USA,North America,United States,2021-04-26,250124582.0,148224223.0,106598791.0,,2381440.0,2718406.0,75.34,44.64,,1128833.0,0.34
USA,North America,United States,2021-04-27,253010888.0,149327166.0,108389307.0,,2886306.0,2670586.0,76.21,44.98,,1092694.0,0.329
USA,North America,United States,2021-04-28,256091063.0,150468057.0,110356060.0,,3080175.0,2615883.0,77.13,45.32,,1058831.0,0.319
USA,North America,United States,2021-04-29,259129375.0,151575796.0,112336359.0,,3038312.0,2552066.0,78.05,45.65,,1017674.0,0.307
USA,North America,United States,2021-04-30,262029833.0,152680447.0,114188611.0,,2900458.0,2497186.0,78.92,45.99,,982718.0,0.296
USA,North America,United States,2021-05-01,263871264.0,153384527.0,115353755.0,,1841431.0,2445588.0,79.48,46.2,,940131.0,0.283
USA,North America,United States,2021-05-02,264748635.0,153709280.0,115938778.0,,877371.0,2429356.0,79.74,46.3,,916581.0,0.276
USA,North America,United States,2021-05-03,266708482.0,154344948.0,117341414.0,,1959847.0,2369129.0,80.33,46.49,,874389.0,0.263
USA,North America,United States,2021-05-04,269206894.0,155158436.0,119101319.0,,2498412.0,2313715.0,81.08,46.73,,833039.0,0.251
USA,North America,United States,2021-05-05,271749493.0,155970284.0,120907626.0,,2542599.0,2236919.0,81.85,46.98,,786032.0,0.237
USA,North America,United States,2021-05-06,274263522.0,156742958.0,122725188.0,,2514029.0,2162021.0,82.61,47.21,,738166.0,0.222
USA,North America,United States,2021-05-07,276765156.0,157531098.0,124514196.0,,2501634.0,2105046.0,83.36,47.45,,692950.0,0.209
USA,North America,United States,2021-05-08,278297405.0,158036100.0,125601137.0,,1532249.0,2060877.0,83.82,47.6,,664510.0,0.2
USA,North America,United States,2021-05-09,278911331.0,158240521.0,126038453.0,,613926.0,2023242.0,84.01,47.66,,647320.0,0.195
USA,North America,United States,2021-05-10,280512310.0,158721719.0,127212565.0,,1600979.0,1971975.0,84.49,47.81,,625253.0,0.188
USA,North America,United States,2021-05-11,282555531.0,159377223.0,128663474.0,,2043221.0,1906948.0,85.1,48.0,,602684.0,0.182
USA,North America,United States,2021-05-12,284566767.0,160020109.0,130100986.0,,2011236.0,1831039.0,85.71,48.2,,578546.0,0.174
USA,North America,United States,2021-05-13,286839322.0,160945649.0,131507708.0,,2272555.0,1796543.0,86.4,48.48,,600384.0,0.181
USA,North America,United States,2021-05-14,289285806.0,162035136.0,132944410.0,,2446484.0,1788664.0,87.13,48.8,,643434.0,0.194
USA,North America,United States,2021-05-15,291128731.0,162941630.0,133935160.0,,1842925.0,1833047.0,87.69,49.08,,700790.0,0.211
USA,North America,United States,2021-05-16,292060439.0,163418541.0,134421288.0,,931708.0,1878444.0,87.97,49.22,,739717.0,0.223
USA,North America,United States,2021-05-17,293878878.0,164303335.0,135431954.0,,1818439.0,1909510.0,88.52,49.49,,797374.0,0.24
USA,North America,United States,2021-05-18,295946824.0,165292313.0,136596180.0,,2067946.0,1913042.0,89.14,49.79,,845013.0,0.255
USA,North America,United States,2021-05-19,298029949.0,166277397.0,137775441.0,,2083125.0,1923312.0,89.77,50.08,,893898.0,0.269
USA,North America,United States,2021-05-20,300045442.0,167198613.0,138951367.0,,2015493.0,1886589.0,90.37,50.36,,893281.0,0.269
USA,North America,United States,2021-05-21,302099330.0,168130040.0,140154624.0,,2053888.0,1830503.0,90.99,50.64,,870701.0,0.262
USA,North America,United States,2021-05-22,303546009.0,168859611.0,140925699.0,,1446679.0,1773897.0,91.43,50.86,,845426.0,0.255
USA,North America,United States,2021-05-23,304203168.0,169198143.0,141272409.0,,657159.0,1734676.0,91.63,50.96,,825657.0,0.249
USA,North America,United States,2021-05-24,305521404.0,169833323.0,142023478.0,,1318236.0,1663218.0,92.02,51.15,,789998.0,0.238
USA,North America,United States,2021-05-25,306955722.0,170501087.0,142861787.0,,1434318.0,1572700.0,92.45,51.35,,744111.0,0.224
USA,North America,United States,2021-05-26,308386898.0,171161628.0,143699026.0,,1431176.0,1479564.0,92.89,51.55,,697747.0,0.21
USA,North America,United States,2021-05-27,309730904.0,171775269.0,144496550.0,,1344006.0,1383637.0,93.29,51.74,,653808.0,0.197
USA,North America,United States,2021-05-28,311057254.0,172378907.0,145282191.0,,1326350.0,1279703.0,93.69,51.92,,606981.0,0.183
USA,North America,United States,2021-05-29,311820919.0,172759717.0,145702953.0,,763665.0,1182130.0,93.92,52.03,,557158.0,0.168
USA,North America,United States,2021-05-30,312205308.0,172960686.0,145907876.0,,384389.0,1143163.0,94.04,52.1,,537506.0,0.162
USA,North America,United States,2021-05-31,312406896.0,173049820.0,146029982.0,,201588.0,983642.0,94.1,52.12,,459500.0,0.138
USA,North America,United States,2021-06-01,313670810.0,173576029.0,146813392.0,,1263914.0,959298.0,94.48,52.28,,439277.0,0.132
USA,North America,United States,2021-06-02,314786002.0,174070885.0,147493490.0,,1115192.0,914158.0,94.81,52.43,,415608.0,0.125
USA,North America,United States,2021-06-03,316030762.0,174534223.0,148330791.0,,1244760.0,899980.0,95.19,52.57,,394136.0,0.119
USA,North America,United States,2021-06-04,317430665.0,175034699.0,149288490.0,,1399903.0,910487.0,95.61,52.72,,379399.0,0.114
USA,North America,United States,2021-06-05,318500220.0,175388504.0,150039110.0,,1069555.0,954186.0,95.93,52.83,,375541.0,0.113
USA,North America,United States,2021-06-06,319016080.0,175559858.0,150402115.0,,515860.0,972967.0,96.09,52.88,,371310.0,0.112
USA,North America,United States,2021-06-07,320085634.0,175932789.0,151141691.0,,1069554.0,1096963.0,96.41,52.99,,411853.0,0.124
USA,North America,United States,2021-06-08,321258968.0,176337043.0,151959004.0,,1173334.0,1084023.0,96.76,53.11,,394431.0,0.119
USA,North America,United States,2021-06-09,322423464.0,176728730.0,152780428.0,,1164496.0,1091066.0,97.11,53.23,,379692.0,0.114
USA,North America,United States,2021-06-10,323591820.0,177133403.0,153595596.0,,1168356.0,1080151.0,97.46,53.35,,371311.0,0.112
USA,North America,United States,2021-06-11,324821211.0,177561546.0,154448343.0,,1229391.0,1055792.0,97.84,53.48,,360978.0,0.109
USA,North America,United States,2021-06-12,325712975.0,177842229.0,155090207.0,,891764.0,1030394.0,98.1,53.57,,350532.0,0.106
USA,North America,United States,2021-06-13,326105366.0,177955690.0,155386220.0,,392391.0,1012755.0,98.22,53.6,,342262.0,0.103
USA,North America,United States,2021-06-14,327017043.0,178287871.0,156005422.0,,911677.0,990201.0,98.5,53.7,,336440.0,0.101
USA,North America,United States,2021-06-15,327993154.0,178648523.0,156665676.0,,976111.0,962027.0,98.79,53.81,,330211.0,0.099
USA,North America,United States,2021-06-16,328936060.0,179006967.0,157295963.0,,942906.0,930371.0,99.07,53.92,,325462.0,0.098
USA,North America,United States,2021-06-17,329828680.0,179358654.0,157886458.0,,892620.0,890980.0,99.34,54.02,,317893.0,0.096
USA,North America,United States,2021-06-18,330748456.0,179727080.0,158482223.0,,919776.0,846749.0,99.62,54.13,,309362.0,0.093
USA,North America,United States,2021-06-19,331322744.0,179958314.0,158851572.0,,574288.0,801396.0,99.79,54.2,,302298.0,0.091
USA,North America,United States,2021-06-20,331599223.0,180070680.0,159027453.0,,276479.0,784837.0,99.88,54.24,,302141.0,0.091
USA,North America,United States,2021-06-21,332159362.0,180372453.0,159320427.0,,560139.0,734617.0,100.05,54.33,,297797.0,0.09
USA,North America,United States,2021-06-22,332913936.0,180697114.0,159788559.0,,754574.0,702969.0,100.27,54.43,,292656.0,0.088
USA,North America,United States,2021-06-23,333648970.0,181028118.0,160229800.0,,735034.0,673273.0,100.49,54.53,,288736.0,0.087
USA,North America,United States,2021-06-24,334347496.0,181347466.0,160646505.0,,698526.0,645545.0,100.7,54.62,,284116.0,0.086
USA,North America,United States,2021-06-25,335113556.0,181699232.0,161098381.0,,766060.0,623586.0,100.94,54.73,,281736.0,0.085
USA,North America,United States,2021-06-26,335612252.0,181924792.0,161393075.0,,498696.0,612787.0,101.09,54.8,,280925.0,0.085
USA,North America,United States,2021-06-27,335879433.0,182052040.0,161543420.0,,267181.0,611459.0,101.17,54.83,,283051.0,0.085
USA,North America,United States,2021-06-28,336432910.0,182328262.0,161848172.0,,553477.0,610507.0,101.33,54.92,,279401.0,0.084
USA,North America,United States,2021-06-29,337060230.0,182626637.0,162205669.0,,627320.0,592328.0,101.52,55.01,,275646.0,0.083
USA,North America,United States,2021-06-30,337691049.0,182934914.0,162556245.0,,630819.0,577440.0,101.71,55.1,,272399.0,0.082
USA,North America,United States,2021-07-01,338296428.0,183228091.0,162890122.0,,605379.0,564133.0,101.89,55.19,,268661.0,0.081
USA,North America,United States,2021-07-02,338916074.0,183534807.0,163230931.0,,619646.0,543217.0,102.08,55.28,,262225.0,0.079
USA,North America,United States,2021-07-03,339273014.0,183716695.0,163419456.0,,356940.0,522966.0,102.19,55.33,,255986.0,0.077
USA,North America,United States,2021-07-04,339323283.0,183744480.0,163446762.0,,50269.0,491979.0,102.2,55.34,,241777.0,0.073
USA,North America,United States,2021-07-05,339719757.0,183946151.0,163655226.0,,396474.0,469550.0,102.32,55.4,,231127.0,0.07
USA,North America,United States,2021-07-06,340302954.0,184220620.0,163991971.0,,583197.0,463246.0,102.5,55.49,,227712.0,0.069
USA,North America,United States,2021-07-07,340874142.0,184504751.0,164311734.0,,571188.0,454728.0,102.67,55.57,,224262.0,0.068
USA,North America,United States,2021-07-08,341441437.0,184795695.0,164623988.0,,567295.0,449287.0,102.84,55.66,,223943.0,0.067
USA,North America,United States,2021-07-09,342073658.0,185118742.0,164968425.0,,632221.0,451083.0,103.03,55.76,,226276.0,0.068
USA,North America,United States,2021-07-10,342474154.0,185330156.0,165174918.0,,400496.0,457306.0,103.15,55.82,,230494.0,0.069
USA,North America,United States,2021-07-11,342690756.0,185447055.0,165282677.0,,216602.0,481068.0,103.22,55.86,,243225.0,0.073
USA,North America,United States,2021-07-12,343211099.0,185722763.0,165555810.0,,520343.0,498763.0,103.37,55.94,,253802.0,0.076
USA,North America,United States,2021-07-13,343737662.0,186004461.0,165826650.0,,526563.0,490673.0,103.53,56.02,,254834.0,0.077
USA,North America,United States,2021-07-14,344268822.0,186289060.0,166098399.0,,531160.0,484954.0,103.69,56.11,,254901.0,0.077
USA,North America,United States,2021-07-15,344809739.0,186587768.0,166366241.0,,540917.0,481186.0,103.86,56.2,,256010.0,0.077
USA,North America,United States,2021-07-16,345434677.0,186935622.0,166668555.0,,624938.0,480146.0,104.04,56.3,,259554.0,0.078
USA,North America,United States,2021-07-17,345834258.0,187159622.0,166857256.0,,399581.0,480015.0,104.16,56.37,,261352.0,0.079
USA,North America,United States,2021-07-18,346068138.0,187295242.0,166962675.0,,233880.0,482483.0,104.23,56.41,,264027.0,0.08
USA,North America,United States,2021-07-19,346636397.0,187635514.0,167214273.0,,568259.0,489328.0,104.41,56.52,,273250.0,0.082
USA,North America,United States,2021-07-20,347239850.0,188008005.0,167469761.0,,603453.0,500313.0,104.59,56.63,,286221.0,0.086
USA,North America,United States,2021-07-21,347870943.0,188395938.0,167736409.0,,631093.0,514589.0,104.78,56.74,,300983.0,0.091
USA,North America,United States,2021-07-22,348520500.0,188813212.0,167993455.0,,649557.0,530109.0,104.97,56.87,,317921.0,0.096
USA,North America,United States,2021-07-23,349267725.0,189301734.0,168280439.0,,747225.0,547578.0,105.2,57.02,,338016.0,0.102
USA,North America,United States,2021-07-24,349730549.0,189603800.0,168454332.0,,462824.0,556613.0,105.34,57.11,,349168.0,0.105
USA,North America,United States,2021-07-25,349989417.0,189805553.0,168517267.0,,258868.0,560183.0,105.42,57.17,,358616.0,0.108
USA,North America,United States,2021-07-26,350632533.0,190253137.0,168738023.0,,643116.0,570877.0,105.61,57.3,,373946.0,0.113
USA,North America,United States,2021-07-27,351333333.0,190733712.0,168989207.0,,700800.0,584783.0,105.82,57.45,,389387.0,0.117
USA,North America,United States,2021-07-28,352053064.0,191225009.0,169247760.0,,719731.0,597446.0,106.04,57.6,,404153.0,0.122
USA,North America,United States,2021-07-29,352772978.0,191722714.0,169500342.0,,719914.0,607497.0,106.25,57.75,,415643.0,0.125
USA,North America,United States,2021-07-30,353607591.0,192298226.0,169790979.0,,834613.0,619981.0,106.51,57.92,,428070.0,0.129
USA,North America,United States,2021-07-31,354121975.0,192644490.0,169970966.0,,514384.0,627347.0,106.66,58.02,,434384.0,0.131
USA,North America,United States,2021-08-01,354449504.0,192870578.0,170070145.0,,327529.0,637155.0,106.76,58.09,,437861.0,0.132
USA,North America,United States,2021-08-02,355168950.0,193376637.0,170308632.0,,719446.0,648060.0,106.98,58.24,,446214.0,0.134
USA,North America,United States,2021-08-03,355930519.0,193914443.0,170562102.0,,761569.0,656741.0,107.21,58.41,,454390.0,0.137
USA,North America,United States,2021-08-04,356707887.0,194466629.0,170817315.0,,777368.0,664975.0,107.44,58.57,,463089.0,0.139
USA,North America,United States,2021-08-05,357499973.0,195026302.0,171081775.0,,792086.0,675285.0,107.68,58.74,,471941.0,0.142
USA,North America,United States,2021-08-06,358407850.0,195652126.0,171393106.0,,907877.0,685751.0,107.95,58.93,,479129.0,0.144
USA,North America,United States,2021-08-07,358965401.0,196033425.0,171582771.0,,557551.0,691918.0,108.12,59.04,,484134.0,0.146
USA,North America,United States,2021-08-08,359315539.0,196270898.0,171700384.0,,350138.0,695148.0,108.22,59.12,,485760.0,0.146
USA,North America,United States,2021-08-09,360097434.0,196790909.0,171987010.0,,781895.0,704069.0,108.46,59.27,,487753.0,0.147
USA,North America,United States,2021-08-10,360896365.0,197320939.0,172281801.0,,798931.0,709407.0,108.7,59.43,,486642.0,0.147
USA,North America,United States,2021-08-11,361665364.0,197819847.0,172577610.0,,768999.0,708211.0,108.93,59.58,,479031.0,0.144
USA,North America,United States,2021-08-12,362468755.0,198334478.0,172891434.0,,803391.0,709826.0,109.17,59.74,,472597.0,0.142
USA,North America,United States,2021-08-13,363416316.0,198915194.0,173280602.0,13838.0,947561.0,715495.0,109.46,59.91,0.0,466153.0,0.14
USA,North America,United States,2021-08-14,364040968.0,199277152.0,173523003.0,50006.0,624652.0,725081.0,109.65,60.02,0.02,463390.0,0.14
USA,North America,United States,2021-08-15,364440151.0,199488692.0,173684525.0,83108.0,399183.0,732087.0,109.77,60.09,0.03,459685.0,0.138
USA,North America,United States,2021-08-16,365309704.0,199952757.0,174038712.0,162903.0,869553.0,744610.0,110.03,60.23,0.05,451693.0,0.136
USA,North America,United States,2021-08-17,366232874.0,200442641.0,174402366.0,262107.0,923170.0,762358.0,110.31,60.37,0.08,445957.0,0.134
USA,North America,United States,2021-08-18,367185351.0,200929517.0,174781352.0,378019.0,952477.0,788570.0,110.6,60.52,0.11,444239.0,0.134
USA,North America,United States,2021-08-19,368129777.0,201409446.0,175162556.0,491521.0,944426.0,808717.0,110.88,60.66,0.15,439281.0,0.132
USA,North America,United States,2021-08-20,369236236.0,201947235.0,175640946.0,612755.0,1106459.0,831417.0,111.21,60.83,0.18,433149.0,0.13
USA,North America,United States,2021-08-21,369901567.0,202268555.0,175938226.0,674256.0,665331.0,837228.0,111.41,60.92,0.2,427343.0,0.129
USA,North America,United States,2021-08-22,370291941.0,202453760.0,176117998.0,705870.0,390374.0,835970.0,111.53,60.98,0.21,423581.0,0.128
USA,North America,United States,2021-08-23,371211287.0,202895400.0,176523007.0,802326.0,919346.0,843083.0,111.81,61.11,0.24,420378.0,0.127
USA,North America,United States,2021-08-24,372161013.0,203357486.0,176937945.0,902385.0,949726.0,846877.0,112.09,61.25,0.27,416406.0,0.125
USA,North America,United States,2021-08-25,373127308.0,203827432.0,177360361.0,1005449.0,966295.0,848851.0,112.38,61.39,0.3,413988.0,0.125
USA,North America,United States,2021-08-26,374117371.0,204304517.0,177793033.0,1115897.0,990063.0,855371.0,112.68,61.54,0.34,413582.0,0.125
USA,North America,United States,2021-08-27,375288046.0,204839835.0,178332723.0,1241803.0,1170675.0,864544.0,113.04,61.7,0.37,413229.0,0.124
USA,North America,United States,2021-08-28,375999430.0,205159080.0,178673452.0,1305813.0,711384.0,871123.0,113.25,61.79,0.39,412932.0,0.124
USA,North America,United States,2021-08-29,376429128.0,205352664.0,178878945.0,1341523.0,429698.0,876741.0,113.38,61.85,0.4,414129.0,0.125
USA,North America,United States,2021-08-30,377354009.0,205770026.0,179310110.0,1441308.0,924881.0,877532.0,113.66,61.98,0.43,410661.0,0.124
USA,North America,United States,2021-08-31,378280408.0,206189434.0,179730747.0,1550711.0,926399.0,874199.0,113.94,62.1,0.47,404564.0,0.122
USA,North America,United States,2021-09-01,379215939.0,206617207.0,180139105.0,1673910.0,935531.0,869804.0,114.22,62.23,0.5,398539.0,0.12
USA,North America,United States,2021-09-02,380111272.0,207022213.0,180539920.0,1788227.0,895333.0,856272.0,114.49,62.35,0.54,388242.0,0.117
USA,North America,United States,2021-09-03,381151858.0,207477590.0,181029746.0,1907511.0,1040586.0,837687.0,114.8,62.49,0.57,376822.0,0.113
USA,North America,United States,2021-09-04,381711808.0,207724145.0,181307104.0,1952146.0,559950.0,816054.0,114.97,62.57,0.59,366438.0,0.11
USA,North America,United States,2021-09-05,382077690.0,207892446.0,181480381.0,1979825.0,365882.0,806937.0,115.08,62.62,0.6,362826.0,0.109
USA,North America,United States,2021-09-06,382254883.0,207975177.0,181567161.0,1991722.0,177193.0,700125.0,115.13,62.64,0.6,315022.0,0.095
USA,North America,United States,2021-09-07,383162366.0,208330839.0,182045724.0,2084260.0,907483.0,697423.0,115.41,62.75,0.63,305915.0,0.092
USA,North America,United States,2021-09-08,384005608.0,208697810.0,182446603.0,2180414.0,843242.0,684238.0,115.66,62.86,0.66,297229.0,0.09
USA,North America,United States,2021-09-09,384851028.0,209071025.0,182843098.0,2278113.0,845420.0,677108.0,115.92,62.97,0.69,292687.0,0.088
USA,North America,United States,2021-09-10,385883145.0,209521541.0,183342207.0,2385157.0,1032117.0,675898.0,116.23,63.11,0.72,291993.0,0.088
USA,North America,United States,2021-09-11,386479181.0,209780336.0,183641881.0,2434010.0,596036.0,681053.0,116.41,63.19,0.73,293742.0,0.088
USA,North America,United States,2021-09-12,386828617.0,209937603.0,183815117.0,2457105.0,349436.0,678704.0,116.51,63.23,0.74,292165.0,0.088
USA,North America,United States,2021-09-13,387608456.0,210276466.0,184197876.0,2533176.0,779839.0,764796.0,116.75,63.33,0.76,328756.0,0.099
USA,North America,United States,2021-09-14,388356601.0,210593397.0,184575102.0,2607792.0,748145.0,742034.0,116.97,63.43,0.79,323223.0,0.097
USA,North America,United States,2021-09-15,389116663.0,210906934.0,184963744.0,2686157.0,760062.0,730151.0,117.2,63.52,0.81,315589.0,0.095
USA,North America,United States,2021-09-16,389874960.0,211218586.0,185355295.0,2763559.0,758297.0,717705.0,117.43,63.62,0.83,306794.0,0.092
USA,North America,United States,2021-09-17,390775022.0,211570565.0,185836243.0,2853758.0,900062.0,698840.0,117.7,63.72,0.86,292718.0,0.088
USA,North America,United States,2021-09-18,391295476.0,211776462.0,186111533.0,2902408.0,520454.0,688042.0,117.86,63.79,0.87,285161.0,0.086
USA,North America,United States,2021-09-19,391599391.0,211895937.0,186276144.0,2925753.0,303915.0,681539.0,117.95,63.82,0.88,279762.0,0.084
USA,North America,United States,2021-09-20,392285697.0,212162603.0,186626954.0,3011919.0,686306.0,668177.0,118.16,63.9,0.91,269448.0,0.081
USA,North America,United States,2021-09-21,392958636.0,212424118.0,186969369.0,3101052.0,672939.0,657434.0,118.36,63.98,0.93,261532.0,0.079
USA,North America,United States,2021-09-22,393620893.0,212678188.0,187305353.0,3186918.0,662257.0,643461.0,118.56,64.06,0.96,253036.0,0.076
USA,North America,United States,2021-09-23,394292933.0,212933789.0,187634250.0,3289559.0,672040.0,631139.0,118.76,64.13,0.99,245029.0,0.074
USA,North America,United States,2021-09-24,395272220.0,213255548.0,188048173.0,3548553.0,979287.0,642457.0,119.05,64.23,1.07,240712.0,0.073
USA,North America,United States,2021-09-25,395940584.0,213458895.0,188277359.0,3790264.0,668364.0,663587.0,119.26,64.29,1.14,240348.0,0.072
USA,North America,United States,2021-09-26,396347471.0,213579152.0,188423143.0,3933581.0,406887.0,678297.0,119.38,64.33,1.18,240459.0,0.072
USA,North America,United States,2021-09-27,397369061.0,213878863.0,188646561.0,4442983.0,1021590.0,726195.0,119.69,64.42,1.34,245180.0,0.074
USA,North America,United States,2021-09-28,398492328.0,214170485.0,188950644.0,4982016.0,1123267.0,790527.0,120.02,64.51,1.5,249481.0,0.075
USA,North America,United States,2021-09-29,399622276.0,214460130.0,189262498.0,5523176.0,1129948.0,857340.0,120.36,64.59,1.66,254563.0,0.077
USA,North America,United States,2021-09-30,400773829.0,214750560.0,189583087.0,6078039.0,1151553.0,925842.0,120.71,64.68,1.83,259539.0,0.078
USA,North America,United States,2021-10-01,402073932.0,215066914.0,189962194.0,6694015.0,1300103.0,971673.0,121.1,64.78,2.02,258767.0,0.078
USA,North America,United States,2021-10-02,402699571.0,215241012.0,190169493.0,6944479.0,625639.0,965570.0,121.29,64.83,2.09,254588.0,0.077
USA,North America,United States,2021-10-03,403063593.0,215347599.0,190299948.0,7073773.0,364022.0,959446.0,121.4,64.86,2.13,252635.0,0.076
USA,North America,United States,2021-10-04,404038208.0,215595554.0,190556814.0,7554437.0,974615.0,952735.0,121.7,64.94,2.28,245242.0,0.074
USA,North America,United States,2021-10-05,405044951.0,215840612.0,190813670.0,8070963.0,1006743.0,936089.0,122.0,65.01,2.43,238590.0,0.072
USA,North America,United States,2021-10-06,406066677.0,216089542.0,191072597.0,8596654.0,1021726.0,920629.0,122.31,65.09,2.59,232773.0,0.07
USA,North America,United States,2021-10-07,407073047.0,216340739.0,191328522.0,9108917.0,1006370.0,899888.0,122.61,65.16,2.74,227168.0,0.068
USA,North America,United States,2021-10-08,408206644.0,216624391.0,191638814.0,9662217.0,1133597.0,876102.0,122.95,65.25,2.91,222497.0,0.067
USA,North America,United States,2021-10-09,408739280.0,216772171.0,191807041.0,9884829.0,532636.0,862816.0,123.11,65.29,2.98,218737.0,0.066
USA,North America,United States,2021-10-10,409051546.0,216865479.0,191911894.0,10000788.0,312266.0,855422.0,123.21,65.32,3.01,216840.0,0.065
USA,North America,United States,2021-10-11,409900119.0,217091550.0,192132957.0,10412379.0,848573.0,837416.0,123.46,65.39,3.14,213714.0,0.064
USA,North America,United States,2021-10-12,410818301.0,217320910.0,192366994.0,10879313.0,918182.0,824764.0,123.74,65.46,3.28,211471.0,0.064
USA,North America,United States,2021-10-13,411714994.0,217548639.0,192595679.0,11332973.0,896693.0,806902.0,124.01,65.52,3.41,208442.0,0.063
USA,North America,United States,2021-10-14,412618307.0,217775103.0,192825042.0,11794572.0,903313.0,792180.0,124.28,65.59,3.55,204909.0,0.062
USA,North America,United States,2021-10-15,413660753.0,218037203.0,193102674.0,12311945.0,1042446.0,779158.0,124.59,65.67,3.71,201830.0,0.061
USA,North America,United States,2021-10-16,414149316.0,218178307.0,193247542.0,12521217.0,488563.0,772862.0,124.74,65.71,3.77,200877.0,0.061
USA,North America,United States,2021-10-17,414417273.0,218262325.0,193331827.0,12622985.0,267957.0,766532.0,124.82,65.74,3.8,199549.0,0.06
USA,North America,United States,2021-10-18,415241819.0,218486024.0,193543044.0,13024271.0,824546.0,763100.0,125.07,65.81,3.92,199211.0,0.06
USA,North America,United States,2021-10-19,416056856.0,218688552.0,193735721.0,13455745.0,815037.0,748365.0,125.31,65.87,4.05,195377.0,0.059
USA,North America,United States,2021-10-20,416885185.0,218892386.0,193930125.0,13897907.0,828329.0,738599.0,125.56,65.93,4.19,191964.0,0.058
USA,North America,United States,2021-10-21,417734838.0,219099612.0,194127166.0,14355313.0,849653.0,730933.0,125.82,65.99,4.32,189216.0,0.057
USA,North America,United States,2021-10-22,419100809.0,219392671.0,194373006.0,15194537.0,1365971.0,777151.0,126.23,66.08,4.58,193638.0,0.058
USA,North America,United States,2021-10-23,419923490.0,219569352.0,194506687.0,15711801.0,822681.0,824882.0,126.48,66.13,4.73,198721.0,0.06
USA,North America,United States,2021-10-24,420392976.0,219677788.0,194587065.0,15994221.0,469486.0,853672.0,126.62,66.17,4.82,202209.0,0.061
USA,North America,United States,2021-10-25,421905850.0,219981059.0,194791396.0,17007787.0,1512874.0,952004.0,127.08,66.26,5.12,213576.0,0.064
USA,North America,United States,2021-10-26,423451844.0,220279747.0,194992432.0,18065220.0,1545994.0,1056427.0,127.54,66.35,5.44,227314.0,0.068
USA,North America,United States,2021-10-27,425060171.0,220587853.0,195199557.0,19169506.0,1608327.0,1167855.0,128.03,66.44,5.77,242210.0,0.073
USA,North America,United States,2021-10-28,426654462.0,220886372.0,195408276.0,20269056.0,1594291.0,1274232.0,128.51,66.53,6.1,255251.0,0.077
USA,North America,United States,2021-10-29,428425139.0,221214205.0,195646200.0,21486758.0,1770677.0,1332047.0,129.04,66.63,6.47,260219.0,0.078
USA,North America,United States,2021-10-30,429238929.0,221382073.0,195765355.0,22020814.0,813790.0,1330777.0,129.29,66.68,6.63,258960.0,0.078
USA,North America,United States,2021-10-31,429672716.0,221482752.0,195835807.0,22286247.0,433787.0,1325677.0,129.42,66.71,6.71,257852.0,0.078
USA,North America,United States,2021-11-01,431120004.0,221767440.0,196030849.0,23261491.0,1447288.0,1316308.0,129.85,66.8,7.01,255197.0,0.077
USA,North America,United States,2021-11-02,432608342.0,222052181.0,196219131.0,24290249.0,1488338.0,1308071.0,130.3,66.88,7.32,253205.0,0.076
USA,North America,United States,2021-11-03,434157904.0,222364709.0,196411069.0,25349029.0,1549562.0,1299676.0,130.77,66.98,7.64,253837.0,0.076
USA,North America,United States,2021-11-04,435780951.0,222716451.0,196605953.0,26439857.0,1623047.0,1303784.0,131.26,67.08,7.96,261440.0,0.079
USA,North America,United States,2021-11-05,437677574.0,223171446.0,196835409.0,27667364.0,1896623.0,1321776.0,131.83,67.22,8.33,279606.0,0.084
USA,North America,United States,2021-11-06,438704640.0,223561285.0,196952948.0,28194547.0,1027066.0,1352244.0,132.14,67.34,8.49,311316.0,0.094
USA,North America,United States,2021-11-07,439255538.0,223789082.0,197023407.0,28452169.0,550898.0,1368975.0,132.3,67.4,8.57,329476.0,0.099
USA,North America,United States,2021-11-08,440706620.0,224260580.0,197196255.0,29271070.0,1451082.0,1369517.0,132.74,67.55,8.82,356163.0,0.107
USA,North America,United States,2021-11-09,442330155.0,224783595.0,197362280.0,30215070.0,1623535.0,1388830.0,133.23,67.7,9.1,390202.0,0.118
USA,North America,United States,2021-11-10,444084043.0,225357346.0,197532509.0,31233921.0,1753888.0,1418020.0,133.76,67.88,9.41,427520.0,0.129
USA,North America,United States,2021-11-11,445673671.0,225906991.0,197685932.0,32128527.0,1589628.0,1413246.0,134.24,68.04,9.68,455791.0,0.137
USA,North America,United States,2021-11-12,447650212.0,226546758.0,197885199.0,33276980.0,1976541.0,1424663.0,134.83,68.24,10.02,482187.0,0.145
USA,North America,United States,2021-11-13,448818514.0,227081656.0,197988048.0,33811504.0,1168302.0,1444839.0,135.18,68.4,10.18,502910.0,0.151
USA,North America,United States,2021-11-14,449393843.0,227321649.0,198048621.0,34089284.0,575329.0,1448329.0,135.36,68.47,10.27,504652.0,0.152
USA,North America,United States,2021-11-15,450931965.0,227782730.0,198215600.0,35008507.0,1538122.0,1460764.0,135.82,68.61,10.54,503164.0,0.152
USA,North America,United States,2021-11-16,452600468.0,228271640.0,198382701.0,36031618.0,1668503.0,1467188.0,136.32,68.75,10.85,498292.0,0.15
USA,North America,United States,2021-11-17,454345902.0,228778660.0,198555015.0,37107728.0,1745434.0,1465980.0,136.85,68.91,11.18,488759.0,0.147
USA,North America,United States,2021-11-18,456119278.0,229286145.0,198726390.0,38212736.0,1773376.0,1492230.0,137.38,69.06,11.51,482736.0,0.145
USA,North America,United States,2021-11-19,458176813.0,229869848.0,198921551.0,39502242.0,2057535.0,1503800.0,138.0,69.24,11.9,474727.0,0.143
USA,North America,United States,2021-11-20,459401910.0,230329870.0,199022393.0,40171887.0,1225097.0,1511914.0,138.37,69.37,12.1,464031.0,0.14
USA,North America,United States,2021-11-21,460040190.0,230535919.0,199082423.0,40546483.0,638280.0,1520907.0,138.56,69.44,12.21,459181.0,0.138
USA,North America,United States,2021-11-22,461836758.0,231025538.0,199253640.0,41690734.0,1796568.0,1557828.0,139.1,69.58,12.56,463258.0,0.14
USA,North America,United States,2021-11-23,463612199.0,231516687.0,199419271.0,42818598.0,1775441.0,1573104.0,139.64,69.73,12.9,463578.0,0.14
USA,North America,United States,2021-11-24,464985114.0,231919469.0,199573510.0,43643931.0,1372915.0,1519887.0,140.05,69.85,13.15,448687.0,0.135
USA,North America,United States,2021-11-25,465012156.0,231928228.0,199578562.0,43657122.0,27042.0,1270411.0,140.06,69.86,13.15,377440.0,0.114
USA,North America,United States,2021-11-26,466209473.0,232239777.0,199754698.0,44371799.0,1197317.0,1147523.0,140.42,69.95,13.36,338561.0,0.102
USA,North America,United States,2021-11-27,467097302.0,232460412.0,199953463.0,44843981.0,887829.0,1099342.0,140.69,70.02,13.51,304363.0,0.092
USA,North America,United States,2021-11-28,467683825.0,232603038.0,200100773.0,45142687.0,586523.0,1091948.0,140.86,70.06,13.6,295303.0,0.089
USA,North America,United States,2021-11-29,469332331.0,232958653.0,200460973.0,46085120.0,1648506.0,1070796.0,141.36,70.17,13.88,276159.0,0.083
USA,North America,United States,2021-11-30,471238488.0,233364883.0,200851495.0,47205377.0,1906157.0,1089470.0,141.94,70.29,14.22,264028.0,0.08
USA,North America,United States,2021-12-01,473369324.0,233824375.0,201259528.0,48476112.0,2130836.0,1197744.0,142.58,70.43,14.6,272129.0,0.082
USA,North America,United States,2021-12-02,475510385.0,234272129.0,201652743.0,49786109.0,2141061.0,1499747.0,143.22,70.56,15.0,334843.0,0.101
USA,North America,United States,2021-12-03,477925587.0,234759163.0,202143101.0,51233802.0,2415202.0,1673731.0,143.95,70.71,15.43,359912.0,0.108
USA,North America,United States,2021-12-04,479394328.0,235060779.0,202593612.0,51954525.0,1468741.0,1756718.0,144.39,70.8,15.65,371481.0,0.112
USA,North America,United States,2021-12-05,480118723.0,235226711.0,202782695.0,52326478.0,724395.0,1776414.0,144.61,70.85,15.76,374810.0,0.113
USA,North America,United States,2021-12-06,481933086.0,235617281.0,203107664.0,53431177.0,1814363.0,1800108.0,145.16,70.97,16.09,379804.0,0.114
USA,North America,United States,2021-12-07,483824299.0,236020210.0,203448188.0,54585264.0,1891213.0,1797973.0,145.73,71.09,16.44,379332.0,0.114
USA,North America,United States,2021-12-08,485729311.0,236427525.0,203799605.0,55738833.0,1905012.0,1765712.0,146.3,71.21,16.79,371879.0,0.112
USA,North America,United States,2021-12-09,487631035.0,236832205.0,204138205.0,56904498.0,1901724.0,1731521.0,146.87,71.33,17.14,365725.0,0.11
USA,North America,United States,2021-12-10,489714396.0,237256098.0,204533299.0,58175355.0,2083361.0,1684116.0,147.5,71.46,17.52,356705.0,0.107
USA,North America,United States,2021-12-11,490961305.0,237523197.0,204869157.0,58822957.0,1246909.0,1652425.0,147.88,71.54,17.72,351774.0,0.106
USA,North America,United States,2021-12-12,491587248.0,237675331.0,204998492.0,59170253.0,625943.0,1638361.0,148.06,71.59,17.82,349803.0,0.105
USA,North America,United States,2021-12-13,493188779.0,238023373.0,205276703.0,60152180.0,1601531.0,1607956.0,148.55,71.69,18.12,343727.0,0.104
USA,North America,United States,2021-12-14,494886520.0,238390703.0,205562509.0,61204807.0,1697741.0,1580317.0,149.06,71.8,18.43,338642.0,0.102
USA,North America,United States,2021-12-15,496584511.0,238769539.0,205822594.0,62271089.0,1697991.0,1550743.0,149.57,71.92,18.76,334573.0,0.101
USA,North America,United States,2021-12-16,498254703.0,239159746.0,205992199.0,63388787.0,1670192.0,1517667.0,150.07,72.03,19.09,332506.0,0.1
USA,North America,United States,2021-12-17,500166395.0,239592894.0,206243854.0,64618705.0,1911692.0,1493143.0,150.65,72.16,19.46,333828.0,0.101
USA,North America,United States,2021-12-18,501278684.0,239881383.0,206406509.0,65281205.0,1112289.0,1473911.0,150.98,72.25,19.66,336884.0,0.101
USA,North America,United States,2021-12-19,501914353.0,240051046.0,206488194.0,65666159.0,635669.0,1475301.0,151.18,72.3,19.78,339388.0,0.102
USA,North America,United States,2021-12-20,503736199.0,240493510.0,206714273.0,66821498.0,1821846.0,1506774.0,151.72,72.44,20.13,352877.0,0.106
USA,North America,United States,2021-12-21,505685042.0,240960766.0,206956205.0,68062372.0,1948843.0,1542646.0,152.31,72.58,20.5,367152.0,0.111
USA,North America,United States,2021-12-22,507526093.0,241407841.0,207194168.0,69221022.0,1841051.0,1563083.0,152.87,72.71,20.85,376900.0,0.114
USA,North America,United States,2021-12-23,508969784.0,241776206.0,207371488.0,70121303.0,1443691.0,1530726.0,153.3,72.82,21.12,373780.0,0.113
USA,North America,United States,2021-12-24,509346328.0,241879870.0,207427906.0,70339411.0,376544.0,1311419.0,153.41,72.85,21.19,326711.0,0.098
USA,North America,United States,2021-12-25,509352609.0,241881924.0,207428813.0,70342681.0,6281.0,1153418.0,153.42,72.85,21.19,285792.0,0.086
USA,North America,United States,2021-12-26,509828289.0,242014345.0,207511870.0,70603488.0,475680.0,1130562.0,153.56,72.89,21.27,280471.0,0.084
USA,North America,United States,2021-12-27,511338315.0,242409435.0,207740825.0,71492179.0,1510026.0,1086017.0,154.01,73.01,21.53,273704.0,0.082
USA,North America,United States,2021-12-28,513007093.0,242844041.0,207981023.0,72488927.0,1668778.0,1046007.0,154.52,73.14,21.83,269039.0,0.081
USA,North America,United States,2021-12-29,514658912.0,243279725.0,208216834.0,73472007.0,1651819.0,1018974.0,155.01,73.28,22.13,267412.0,0.081
USA,North America,United States,2021-12-30,516167803.0,243682501.0,208430321.0,74367740.0,1508891.0,1028288.0,155.47,73.4,22.4,272328.0,0.082
USA,North America,United States,2021-12-31,516768457.0,243844186.0,208523129.0,74715239.0,600654.0,1060304.0,155.65,73.45,22.5,280617.0,0.085
USA,North America,United States,2022-01-01,516869009.0,243877130.0,208539035.0,74766377.0,100552.0,1073771.0,155.68,73.46,22.52,285029.0,0.086
USA,North America,United States,2022-01-02,517360980.0,244014376.0,208629098.0,75031997.0,491971.0,1076099.0,155.83,73.5,22.6,285719.0,0.086
USA,North America,United States,2022-01-03,518583283.0,244357031.0,208824690.0,75720017.0,1222303.0,1034995.0,156.2,73.6,22.81,278228.0,0.084
USA,North America,United States,2022-01-04,519975502.0,244730998.0,209038030.0,76529201.0,1392219.0,995487.0,156.61,73.71,23.05,269565.0,0.081
USA,North America,United States,2022-01-05,521395832.0,245111645.0,209249295.0,77362272.0,1420330.0,962417.0,157.04,73.83,23.3,261703.0,0.079
USA,North America,United States,2022-01-06,522828493.0,245483000.0,209460448.0,78216597.0,1432661.0,951527.0,157.47,73.94,23.56,257214.0,0.077
USA,North America,United States,2022-01-07,524437756.0,245883286.0,209703816.0,79186050.0,1609263.0,1095614.0,157.96,74.06,23.85,291300.0,0.088
USA,North America,United States,2022-01-08,525467716.0,246158541.0,209877172.0,79769217.0,1029960.0,1228387.0,158.27,74.14,24.03,325916.0,0.098
USA,North America,United States,2022-01-09,525956900.0,246300898.0,209951421.0,80043034.0,489184.0,1227989.0,158.42,74.19,24.11,326646.0,0.098
USA,North America,United States,2022-01-10,527192038.0,246632554.0,210140381.0,80761552.0,1235138.0,1229822.0,158.79,74.28,24.33,325075.0,0.098
USA,North America,United States,2022-01-11,528475285.0,246972895.0,210340706.0,81507642.0,1283247.0,1214255.0,159.18,74.39,24.55,320271.0,0.096
USA,North America,United States,2022-01-12,529758292.0,247314082.0,210539354.0,82254639.0,1283007.0,1194637.0,159.56,74.49,24.77,314634.0,0.095
USA,North America,United States,2022-01-13,531021208.0,247651969.0,210726712.0,82995216.0,1262916.0,1170388.0,159.94,74.59,25.0,309853.0,0.093
USA,North America,United States,2022-01-14,532462077.0,248031950.0,210900357.0,83883362.0,1440869.0,1146332.0,160.38,74.71,25.27,306952.0,0.092
USA,North America,United States,2022-01-15,533237840.0,248258357.0,210987141.0,84345737.0,775763.0,1110018.0,160.61,74.77,25.4,299974.0,0.09
USA,North America,United States,2022-01-16,533622313.0,248364572.0,211044617.0,84566795.0,384473.0,1095059.0,160.73,74.81,25.47,294811.0,0.089
USA,North America,United States,2022-01-17,534435805.0,248581516.0,211184420.0,85023476.0,813492.0,1034824.0,160.97,74.87,25.61,278423.0,0.084
USA,North America,United States,2022-01-18,535413588.0,248836726.0,211371031.0,85559157.0,977783.0,991186.0,161.26,74.95,25.77,266262.0,0.08
USA,North America,United States,2022-01-19,536369511.0,249089985.0,211555506.0,86076902.0,955923.0,944460.0,161.55,75.03,25.93,253700.0,0.076
USA,North America,United States,2022-01-20,537281905.0,249332507.0,211729622.0,86571816.0,912394.0,894385.0,161.83,75.1,26.08,240077.0,0.072
USA,North America,United States,2022-01-21,538333447.0,249612205.0,211888606.0,87183371.0,1051542.0,838767.0,162.14,75.18,26.26,225751.0,0.068
USA,North America,United States,2022-01-22,538939504.0,249785763.0,211970310.0,87533036.0,606057.0,814523.0,162.33,75.23,26.36,218201.0,0.066
USA,North America,United States,2022-01-23,539264914.0,249878071.0,212033730.0,87702667.0,325410.0,806086.0,162.42,75.26,26.42,216214.0,0.065
USA,North America,United States,2022-01-24,540041685.0,250083074.0,212192028.0,88114791.0,776771.0,800840.0,162.66,75.32,26.54,214508.0,0.065
USA,North America,United States,2022-01-25,540826103.0,250288888.0,212365186.0,88518728.0,784418.0,773216.0,162.9,75.39,26.66,207452.0,0.062
USA,North America,United States,2022-01-26,541597901.0,250491022.0,212541809.0,88910462.0,771798.0,746913.0,163.13,75.45,26.78,200148.0,0.06
USA,North America,United States,2022-01-27,542366914.0,250690853.0,212714273.0,89304775.0,769013.0,726430.0,163.36,75.51,26.9,194049.0,0.058
USA,North America,United States,2022-01-28,543298800.0,250922109.0,212921235.0,89794516.0,931886.0,709336.0,163.64,75.58,27.05,187129.0,0.056
USA,North America,United States,2022-01-29,543760115.0,251044875.0,213031836.0,90020756.0,461315.0,688659.0,163.78,75.61,27.11,179873.0,0.054
USA,North America,United States,2022-01-30,544020422.0,251117985.0,213098209.0,90141002.0,260307.0,679358.0,163.86,75.64,27.15,177131.0,0.053
USA,North America,United States,2022-01-31,544635127.0,251278804.0,213254221.0,90436647.0,614705.0,656206.0,164.04,75.68,27.24,170819.0,0.051
USA,North America,United States,2022-02-01,545227626.0,251428944.0,213411030.0,90719208.0,592499.0,628789.0,164.22,75.73,27.32,162865.0,0.049
USA,North America,United States,2022-02-02,545782157.0,251573597.0,213562487.0,90975815.0,554531.0,597751.0,164.39,75.77,27.4,154654.0,0.047
USA,North America,United States,2022-02-03,546285897.0,251702573.0,213699928.0,91210781.0,503740.0,559855.0,164.54,75.81,27.47,144531.0,0.044
USA,North America,United States,2022-02-04,546924734.0,251856905.0,213881087.0,91510739.0,638837.0,517991.0,164.73,75.86,27.56,133542.0,0.04
USA,North America,United States,2022-02-05,547353024.0,251966358.0,214011560.0,91696971.0,428290.0,513273.0,164.86,75.89,27.62,131640.0,0.04
USA,North America,United States,2022-02-06,547560974.0,252025568.0,214070931.0,91785440.0,207950.0,505793.0,164.92,75.91,27.65,129655.0,0.039
USA,North America,United States,2022-02-07,548030475.0,252153583.0,214200318.0,91993973.0,469501.0,485050.0,165.07,75.95,27.71,124968.0,0.038
USA,North America,United States,2022-02-08,548518647.0,252279868.0,214343189.0,92208990.0,488172.0,470146.0,165.21,75.99,27.77,121561.0,0.037
USA,North America,United States,2022-02-09,549016378.0,252410939.0,214485659.0,92429666.0,497731.0,462032.0,165.36,76.03,27.84,119620.0,0.036
USA,North America,United States,2022-02-10,549510234.0,252539519.0,214622561.0,92653959.0,493856.0,460620.0,165.51,76.06,27.91,119564.0,0.036
USA,North America,United States,2022-02-11,550117092.0,252691952.0,214792867.0,92933016.0,606858.0,456051.0,165.69,76.11,27.99,119292.0,0.036
USA,North America,United States,2022-02-12,550456243.0,252783886.0,214893143.0,93077381.0,339151.0,443317.0,165.8,76.14,28.03,116790.0,0.035
USA,North America,United States,2022-02-13,550606199.0,252827641.0,214938258.0,93137026.0,149956.0,435032.0,165.84,76.15,28.05,114582.0,0.035
USA,North America,United States,2022-02-14,550937606.0,252916093.0,215033217.0,93281176.0,331407.0,415304.0,165.94,76.18,28.1,108930.0,0.033
USA,North America,United States,2022-02-15,551327386.0,253016540.0,215145829.0,93453092.0,389780.0,401248.0,166.06,76.21,28.15,105239.0,0.032
USA,North America,United States,2022-02-16,551727565.0,253119142.0,215259360.0,93632597.0,400179.0,387312.0,166.18,76.24,28.2,101172.0,0.03
USA,North America,United States,2022-02-17,552121600.0,253218095.0,215366088.0,93815088.0,394035.0,373052.0,166.3,76.27,28.26,96939.0,0.029
USA,North America,United States,2022-02-18,552630711.0,253342549.0,215504712.0,94053508.0,509111.0,359088.0,166.45,76.31,28.33,92942.0,0.028
USA,North America,United States,2022-02-19,552904292.0,253417454.0,215580766.0,94173078.0,273581.0,349721.0,166.53,76.33,28.36,90510.0,0.027
USA,North America,United States,2022-02-20,553053312.0,253460000.0,215621549.0,94236898.0,149020.0,349588.0,166.58,76.34,28.38,90337.0,0.027
USA,North America,United States,2022-02-21,553362048.0,253540871.0,215707255.0,94373380.0,308736.0,346349.0,166.67,76.37,28.42,89254.0,0.027
USA,North America,United States,2022-02-22,553697208.0,253628868.0,215800409.0,94521478.0,335160.0,338546.0,166.77,76.39,28.47,87475.0,0.026
USA,North America,United States,2022-02-23,554027822.0,253715891.0,215889875.0,94669688.0,330614.0,328608.0,166.87,76.42,28.51,85250.0,0.026
USA,North America,United States,2022-02-24,554343386.0,253797911.0,215971908.0,94814907.0,315564.0,317398.0,166.97,76.44,28.56,82831.0,0.025
USA,North America,United States,2022-02-25,554721431.0,253893230.0,216072630.0,94990069.0,378045.0,298674.0,167.08,76.47,28.61,78669.0,0.024
USA,North America,United States,2022-02-26,554957489.0,253958885.0,216134892.0,95095332.0,236058.0,293314.0,167.15,76.49,28.64,77347.0,0.023
USA,North America,United States,2022-02-27,555076624.0,253993314.0,216165444.0,95148100.0,119135.0,289045.0,167.19,76.5,28.66,76188.0,0.023
USA,North America,United States,2022-02-28,555378719.0,254070392.0,216242831.0,95290137.0,302095.0,288096.0,167.28,76.53,28.7,75646.0,0.023
USA,North America,United States,2022-03-01,555640180.0,254138667.0,216312497.0,95408210.0,261461.0,277567.0,167.36,76.55,28.74,72828.0,0.022
USA,North America,United States,2022-03-02,555886588.0,254204854.0,216380852.0,95514927.0,246408.0,265538.0,167.43,76.57,28.77,69852.0,0.021
USA,North America,United States,2022-03-03,556128308.0,254268603.0,216446677.0,95622069.0,241720.0,254989.0,167.5,76.58,28.8,67242.0,0.02
USA,North America,United States,2022-03-04,556430903.0,254345182.0,216530817.0,95756969.0,302595.0,244210.0,167.6,76.61,28.84,64565.0,0.019
USA,North America,United States,2022-03-05,556605316.0,254394407.0,216580175.0,95830783.0,174413.0,235404.0,167.65,76.62,28.86,62217.0,0.019
USA,North America,United States,2022-03-06,556690243.0,254420407.0,216603536.0,95865433.0,84927.0,230517.0,167.67,76.63,28.87,61013.0,0.018
USA,North America,United States,2022-03-07,556891154.0,254476297.0,216655627.0,95954083.0,200911.0,216062.0,167.73,76.65,28.9,57986.0,0.017
USA,North America,United States,2022-03-08,557097169.0,254530835.0,216711772.0,96044618.0,206015.0,208141.0,167.8,76.66,28.93,56024.0,0.017
USA,North America,United States,2022-03-09,557299398.0,254584638.0,216768173.0,96132160.0,202229.0,201830.0,167.86,76.68,28.95,54255.0,0.016
USA,North America,United States,2022-03-10,557501606.0,254637880.0,216824321.0,96220724.0,202208.0,196185.0,167.92,76.7,28.98,52754.0,0.016
USA,North America,United States,2022-03-11,557748094.0,254700728.0,216894437.0,96328609.0,246488.0,188170.0,167.99,76.72,29.01,50792.0,0.015
USA,North America,United States,2022-03-12,557883550.0,254738914.0,216933663.0,96384958.0,135456.0,182605.0,168.03,76.73,29.03,49215.0,0.015
USA,North America,United States,2022-03-13,557954287.0,254760039.0,216953540.0,96413785.0,70737.0,180578.0,168.05,76.73,29.04,48519.0,0.015
USA,North America,United States,2022-03-14,558137629.0,254809356.0,217001728.0,96494453.0,183342.0,178068.0,168.11,76.75,29.06,47580.0,0.014
USA,North America,United States,2022-03-15,558328143.0,254859804.0,217050994.0,96578610.0,190514.0,175853.0,168.17,76.76,29.09,46996.0,0.014
USA,North America,United States,2022-03-16,558520963.0,254911031.0,217099490.0,96664408.0,192820.0,174509.0,168.22,76.78,29.12,46628.0,0.014
USA,North America,United States,2022-03-17,558703067.0,254957867.0,217144162.0,96747549.0,182104.0,171637.0,168.28,76.79,29.14,45712.0,0.014
USA,North America,United States,2022-03-18,558937691.0,255017375.0,217201379.0,96854899.0,234624.0,169942.0,168.35,76.81,29.17,45235.0,0.014
USA,North America,United States,2022-03-19,559072328.0,255054101.0,217235388.0,96913682.0,134637.0,169825.0,168.39,76.82,29.19,45027.0,0.014
USA,North America,United States,2022-03-20,559141627.0,255074888.0,217251708.0,96943106.0,69299.0,169620.0,168.41,76.83,29.2,44978.0,0.014
USA,North America,United States,2022-03-21,559307999.0,255120634.0,217290213.0,97016654.0,166372.0,167196.0,168.46,76.84,29.22,44468.0,0.013
USA,North America,United States,2022-03-22,559466193.0,255161655.0,217327857.0,97087877.0,158194.0,162579.0,168.51,76.85,29.24,43122.0,0.013
USA,North America,United States,2022-03-23,559627614.0,255204878.0,217366201.0,97159996.0,161421.0,158093.0,168.56,76.87,29.26,41978.0,0.013
USA,North America,United States,2022-03-24,559764571.0,255241665.0,217397928.0,97221582.0,136957.0,151643.0,168.6,76.88,29.28,40543.0,0.012
USA,North America,United States,2022-03-25,559863149.0,255268639.0,217421642.0,97265346.0,98578.0,132208.0,168.63,76.89,29.3,35895.0,0.011
USA,North America,United States,2022-03-26,559873640.0,255271920.0,217424576.0,97269485.0,10491.0,114473.0,168.63,76.89,29.3,31117.0,0.009
USA,North America,United States,2022-03-27,,,,,,,,,,,
